[
{ "name":"Pi GPIO", "type":"extension", "file":"piGPIOExtension.js", "md5":"pigpio.png", "url":"file:///usr/lib/scratch2/scratch_extensions/gpio.html", "tags":["hardware"]  },
{ "name":"s2pii - Custom Pi GPIO", "type":"extension", "file":"s2_pii.js", "md5":"s2_pii.png", "url":"https://www.doguin.com", "tags":["hardware"]  },
{ "name":"Pi SenseHAT", "type":"extension", "file":"piSenseHATExtension.js", "md5":"pisensehat.png", "url":"file:///usr/lib/scratch2/scratch_extensions/sensehat.html", "tags":["hardware"]  }
]